Word,Count
charge-abuse,10905
state-attorney,335
report-sexual,10917
state-murder,290
woman-kidnap,213
charge-KellyProsecutors,255
state-court,219
woman-abuse,235
report-release,200
state-murder,223
state-sovereignty,216
police-officer,205
police-abuse,319
police-commissioner,213
state-prison,236
sexual-assault,416
case-last,212
people-die,193
murder-charge,160
year-after,160
people-killed,136
year-later,134
people-familiar,132
state-law,122
police-say,63
report-to,62
people-on,60
police-have,60
year-after,60
time-and,59
time-when,57
police-in,56
year-to,51
time-for,50
case-against,48
year-and,47
report-by,46
report-that,44
case-and,43
people-dead,43
case-to,42
police-had,42
state-and,42
police-chief,39
people-had,36
people-killed,36
people-that,35
police-department,35
police-said,33
report-and,33
police-report,32
case-had,31
case-has,30
case-involving,30
year-for,29
year-of,29
time-the,28
charge-in,27
people-from,27
police-officer,27
time-that,26
police-to,25
report-from,25
state-that,25
time-he,25
time-on,25
people-will,24
police-officers,24
state-in,24
police-were,23
report-does,23
report-in,23
woman-and,23
year-at,23
year-later,22
people-he,21
police-that,21
time-as,21
people-for,20
police-station,20
report-of,20
state-Supreme,20
time-I,20
woman-on,20
year-as,20
state-has,19
time-since,19
time-with,19
people-can,18
police-are,18
police-he,18
report-was,18
case-for,17
state-to,17
time-is,17
time-she,17
time-was,17
year-ago:,17
people-dead,16
people-think,16
police-on,16
state-prosecutors,16
time-at,16
year-before,16
people-as,15
people-like,15
woman-at,15
charge-that,14
people-around,14
people-close,14
people-they,14
people-ÃÂ,14
report-as,14
report-said,14
state-trooper,14
state-would,14
time-a,14
time-it,14
year-with,14
case-related,13
charge-him,13
people-get,13
people-is,13
people-need,13
police-official,13
report-foreign,13
state-where,13
case-with,12
case-would,12
people-by,12
people-could,12
people-gathered,12
people-would,12
people-wounded,12
police-as,12
police-chief,12
police-spokesman,12
report-with,12
state-officials,12
state-with,12
woman-has,12
woman-is,12
woman-killed,12
year-over,12
year-was,12
case-because,11
case-will,11
people-still,11
people-whose,11
police-brutality,11
police-commissioner,11
police-custody,11
police-found,11
report-abuse,11
report-last,11
report-the,11
state-had,11
state-is,11
year-while,11
case-were,10
people-die,10
people-own,10
police-arrested,10
police-officers,10
police-officials,10
police-the,10
report-is,10
state-Legislature,10
time-Ms,10
time-after,10
year-ago,10
year-ago,10
year-or,10
case-before,9
case-brought,9
case-on,9
case-went,9
charge-was,9
people-I,9
people-all,9
people-if,9
people-involved,9
people-turn,9
people-want,9
police-Officer,9
police-after,9
police-did,9
police-said,9
police-saidThe,9
police-superintendent,9
state-for,9
state-news,9
woman-accused,9
year-by,9
case-could,8
case-since,8
people-about,8
people-connected,8
people-dead,8
people-don't,8
people-said,8
people-there,8
police-cars,8
police-cars,8
police-director,8
police-for,8
police-monitor,8
police-officer,8
police-stop,8
police-union,8
report-saying,8
report-will,8
state-Senate,8
state-constitution,8
state-from,8
state-senator,8
time-we,8
time-you,8
woman-told,8
year-during,8
case-after,7
case-earlier,7
case-from,7
case-like,7
case-turned,7
charge-is,7
people-attended,7
people-do,7
people-facing,7
people-feel,7
people-into,7
people-not,7
people-pulling,7
people-walked,7
police-at,7
police-department,7
police-during,7
police-forces,7
police-need,7
police-of,7
police-was,7
police-who,7
police-would,7
report-about,7
report-did,7
report-has,7
report-it,7
state-charges,7
state-lawmakers,7
state-laws,7
state-television,7
state-was,7
woman-used,7
year-between,7
year-later,7
case-at,6
case-filed,6
case-involved,6
case-over,6
case-said,6
case-unit,6
charge-after,6
charge-for,6
charge-to,6
people-accused,6
people-associated,6
people-attending,6
people-behind,6
people-believed,6
people-hear,6
people-identified,6
people-or,6
people-out,6
people-probably,6
people-say,6
people-should,6
people-who,6
people-without,6
police-about,6
police-announced,6
police-believe,6
police-commissionerMr,6
police-framed,6
police-headquarters,6
police-into,6
police-saidThe,6
police-she,6
report-being,6
time-around,6
time-facing,6
time-has,6
time-led,6
time-limits,6
time-were,6
woman-as,6
woman-had,6
woman-whose,6
year-ago,6
year-determined,6
year-from,6
year-on,6
year-the,6
case-he,5
case-are,5
case-as,5
case-based,5
case-did,5
case-helped,5
case-law,5
case-only,5
case-reopened,5
case-saidIn,5
case-sat,5
case-seemed,5
case-this,5
charge-wasn't,5
people-across,5
people-arrested,5
people-booking,5
people-challenged,5
people-donÃÂ¢ÃÂÃÂt,5
people-each,5
people-grow,5
people-inside,5
people-know,5
people-last,5
people-living,5
people-marched,5
people-may,5
people-might,5
people-saying,5
people-this,5
people-throughout,5
people-working,5
police-also,5
police-brutality,5
police-departments,5
police-lab,5
police-lieutenant,5
police-organization,5
police-records,5
police-reports,5
police-shooting,5
police-staff,5
police-statement,5
police-stations,5
police-superintendent,5
report-says,5
report-should,5
report-would,5
state-attorney's,5
state-attorneyÃÂ¢ÃÂÃÂs,5
state-criminal,5
state-judge,5
state-lawmaker,5
state-permits,5
state-representative,5
state-security,5
state-terrorism,5
state-trial,5
time-Trump,5
time-are,5
time-by,5
time-frame,5
time-law,5
time-or,5
time-period,5
woman-being,5
woman-came,5
woman-driver!,5
woman-ecstasy,5
woman-of,5
woman-registers,5
woman-reported,5
woman-said,5
woman-the,5
woman-traveling,5
woman-wonders,5
year-because,5
year-sentenced,5
year-they,5
year-under,5
year-when,5
year-will,5
year-without,5
case-attracted,4
case-by,4
case-critics,4
case-drew,4
case-highlights,4
case-hinges,4
case-managers,4
case-so,4
case-study,4
case-ÃÂ,4
charge-and,4
charge-at,4
charge-sheet,4
charge-trainees,4
people-access,4
people-based,4
people-broke,4
people-charged,4
people-charging,4
people-come,4
people-coming,4
people-detained,4
people-entering,4
people-fleeing,4
people-harbor,4
people-has,4
people-just,4
people-leave,4
people-outside,4
people-posing,4
people-really,4
people-responsible,4
people-robbing,4
people-say,4
people-speeding,4
people-stopped,4
people-the,4
people-their,4
people-try,4
people-was,4
police-abuse,4
police-abuses,4
police-abuses,4
police-acknowledged,4
police-around,4
police-arrived,4
police-because,4
police-brutal,4
police-brutality,4
police-brutalityThomassey,4
police-brutalityAs,4
police-bureaucracy,4
police-car,4
police-charged,4
police-department,4
police-department:,4
police-detectives,4
police-director,4
police-earlier,4
police-integrity,4
police-investigation,4
police-investigator,4
police-is,4
police-later,4
police-lights,4
police-misconduct,4
police-officerThe,4
police-or,4
police-outposts,4
police-overreaching,4
police-oversight,4
police-practices,4
police-practices,4
police-practices,4
police-record,4
police-saidAll,4
police-saidHours,4
police-scanner,4
police-searches,4
police-service,4
police-stopped,4
police-tape,4
police-target,4
police-unionBut,4
police-units,4
police-will,4
police-wrote,4
report-also,4
report-because,4
report-card,4
report-first,4
report-for,4
report-found,4
report-foundAt,4
report-hate,4
report-lost,4
report-said,4
state-by,4
state--,4
state-Assembly,4
state-average,4
state-convictionsFeb,4
state-crime,4
state-crimes,4
state-law,4
state-legislature,4
state-level,4
state-medical,4
state-police,4
state-ran,4
state-sponsor,4
state-taxes,4
time-Cfius,4
time-Littlefinger,4
time-because,4
time-before,4
time-belonging,4
time-codes,4
time-weekdays,4
time-yet,4
woman-arrested,4
woman-driving,4
woman-files,4
woman-found,4
woman-from,4
woman-he,4
woman-last,4
woman-over,4
woman-shot,4
woman-walking,4
year-2016,4
year-earlier,4
year-earlierEven,4
year-following,4
year-if,4
year-it,4
year-said,4
year-that's,4
year-went,4
year-ÃÂ,4
case-to,3
case-we,3
case-all,3
case-I,3
case-a,3
case-anyone,3
case-comes,3
case-demonstrated,3
case-during,3
case-gained,3
case-he,3
case-if,3
case-include,3
case-initially,3
case-just,3
case-marks,3
case-may,3
case-more,3
case-one,3
case-openSuch,3
case-reveals,3
case-ruled,3
case-sends,3
case-shook,3
case-without,3
case-you,3
charge-McCraney,3
charge-against,3
charge-before,3
charge-clients,3
charge-does,3
charge-dropped,3
charge-has,3
charge-more,3
charge-them,3
charge-while,3
people-affiliated,3
people-alive,3
people-arenÃÂ¢ÃÂÃÂt,3
people-ask,3
people-before)He,3
people-being,3
people-bring,3
people-but,3
people-choose,3
people-die,3
people-directly,3
people-displaced,3
people-during,3
people-flung,3
people-free,3
people-further,3
people-getting,3
people-harnessing,3
people-he's,3
people-hurt,3
people-incarcerated,3
people-injured,3
people-itÃÂ¢ÃÂÃÂs,3
people-laid,3
people-leaving,3
people-live,3
people-love,3
people-marooned,3
people-mistreated,3
people-more,3
people-off,3
people-online,3
people-over,3
people-pay,3
people-poured,3
people-prosecuted,3
people-protesting,3
people-remain,3
people-return,3
people-running,3
people-showed,3
people-shown,3
people-standing,3
people-start,3
people-started,3
people-suffer,3
people-take,3
people-taking,3
people-talking,3
people-together,3
people-together,3
people-told,3
people-trapped,3
people-trying,3
people-turned,3
people-two,3
people-underground,3
people-use,3
people-watching,3
people-where,3
people-whom,3
people-yelling,3
police-academy,3
police-before,3
police-being,3
police-call,3
police-catch,3
police-charging,3
police-chased,3
police-comes,3
police-cordon,3
police-could,3
police-cruiser,3
police-database,3
police-declined,3
police-departmentThe,3
police-departments,3
police-departmentÃÂs,3
police-force,3
police-heard,3
police-information,3
police-initially,3
police-interviewsMr,3
police-investigating,3
police-leaders,3
police-listenÃÂ,3
police-might,3
police-officer,3
police-officials,3
police-personnel,3
police-persuaded,3
police-protection,3
police-reportBy,3
police-resourcesAmid,3
police-saidAdvertisementAdvertisementSupported,3
police-saidInvestigators,3
police-saidMr,3
police-saidOn,3
police-saidÃÂSomething,3
police-searched,3
police-sergeant,3
police-station,3
police-tacticsÃÂ,3
police-tools,3
police-unionÃÂThe,3
police-unionÃÂYou,3
police-veteran,3
police-visited,3
police-work,3
police-years,3
police-ÃÂ,3
report-Thursday,3
report-according,3
report-addedBut,3
report-alleging,3
report-any,3
report-before,3
report-but,3
report-covered,3
report-detailing,3
report-may,3
report-obtained,3
report-outside,3
report-published,3
report-quoted,3
report-saidOf,3
report-saysHuman,3
report-saysSome,3
report-under,3
report-urges,3
state-'insane',3
state-Director,3
state-District,3
state-Indian,3
state-agency,3
state-argued,3
state-budget,3
state-can't,3
state-capital,3
state-chooses,3
state-coffers,3
state-could,3
state-dearly,3
state-expanded,3
state-fuel,3
state-fund,3
state-funeral,3
state-governments,3
state-governor,3
state-health,3
state-or,3
state-prosecutor,3
state-prosecutor's,3
state-said,3
state-since,3
state-telecom,3
state-trooper,3
state-university,3
state-when,3
state-won't,3
state-ÃÂ,3
state-ÃÂ¢ÃÂÃÂ,3
time-Mr,3
time-again,3
time-against,3
time-ago,3
time-agojohn,3
time-aloneMr,3
time-any,3
time-doing,3
time-his,3
time-now,3
time-paying,3
time-sheÃÂ¢ÃÂÃÂs,3
time-they,3
time-unless,3
time-who,3
time-withkim,3
trump-has,3
woman-approached,3
woman-denied,3
woman-driver!ÃÂJeannette,3
woman-have,3
woman-he'd,3
woman-kept,3
woman-living,3
woman-making,3
woman-named,3
woman-repeatedly,3
woman-should,3
woman-they,3
woman-who'd,3
woman-will,3
year-Francis,3
year-Michael,3
year-a,3
year-amid,3
year-but,3
year-he,3
year-located,3
year-old,3
year-old,3
year-seeking,3
case-Friday,2
case-FridayI,2
case-about,2
case-basis,2
case-brings,2
case-carved,2
case-decorated,2
case-due,2
case-ever,2
case-fell,2
case-finalized,2
case-goes,2
case-have,2
case-hereThose,2
case-hinges,2
case-intensifying,2
case-involves,2
case-long,2
case-made,2
case-might,2
case-or,2
case-out,2
case-prior,2
case-received,2
case-recognized,2
case-relied,2
case-renews,2
case-shows,2
case-stands,2
case-stemming,2
case-they,2
case-threw,2
case-told,2
case-took,2
case-until,2
case-viewed,2
case-where,2
case-youÃÂre,2
charge-ÃÂMima,2
charge-Gregory,2
charge-Guzman,2
charge-New,2
charge-Patterson,2
charge-Smollett,2
charge-any,2
charge-but,2
charge-on,2
people-at,2
people-a,2
people-again,2
people-agree,2
people-arriving,2
people-attend,2
people-before,2
people-believe,2
people-bringing,2
people-care,2
people-climbing,2
people-convicted,2
people-currently,2
people-deadUtrecht,2
people-decide,2
people-deliberated,2
people-depict,2
people-descended,2
people-did,2
people-didnÃÂ¢ÃÂÃÂt,2
people-died:,2
people-disagree,2
people-displaced,2
people-doing,2
people-eligible,2
people-emotionally,2
people-encounter,2
people-engaged,2
people-even,2
people-every,2
people-face,2
people-fear,2
people-first,2
people-fry,2
people-grave,2
people-having,2
people-heading,2
people-held,2
people-high,2
people-holdArdern,2
people-how,2
people-implicitly,2
people-imprisoned,2
people-including,2
people-investigated,2
people-it,2
people-it's,2
people-itÃÂs,2
people-join,2
people-kill,2
people-killedTwo,2
people-linked,2
people-lost,2
people-make,2
people-marching,2
people-merely,2
people-milling,2
people-my,2
people-named,2
people-near,2
people-nearly,2
people-now,2
people-often,2
people-onceHe,2
people-onstage,2
people-owned,2
people-photographed,2
people-pursuing,2
people-push,2
people-pushing,2
people-raise,2
people-said,2
people-seeking,2
people-sent,2
people-she,2
people-signed,2
people-simulated,2
people-so,2
people-sought,2
people-stand,2
people-substantially,2
people-supporting,2
people-talkingPorter,2
people-tend,2
people-thought,2
people-took,2
people-turning,2
people-unable,2
people-underneath,2
people-understand,2
people-used,2
people-vying,2
people-wait,2
people-what,2
people-why,2
people-within,2
people-worldwide,2
people-ÃÂ,2
people-ÃÂto,2
people-ÃÂ¢ÃÂÃÂto,2
police-deliberately,2
police-due,2
police-Detective,2
police-Thursday,2
police-a,2
police-affidavit,2
police-arrived,2
police-assault,2
police-attack,2
police-beating,2
police-chasePolice,2
police-chase___Follow,2
police-checkpoint,2
police-chief,2
police-chiefOn,2
police-chief___12,2
police-chiefs,2
police-command,2
police-conducted,2
police-crazy,2
police-dispatchers,2
police-district,2
police-district,2
police-everything,2
police-extremism;,2
police-feel,2
police-force,2
police-forcesMr,2
police-get,2
police-guards,2
police-headquartersHarrison,2
police-identified,2
police-improperly,2
police-interrogated,2
police-investigate,2
police-investigative,2
police-itselfÃÂ¢ÃÂÃÂ,2
police-killings,2
police-last,2
police-learn,2
police-listenÃÂ¢ÃÂÃÂ,2
police-minister,2
police-officerHaschel,2
police-officers,2
police-officersNeedless,2
police-officersThe,2
police-opened,2
police-patrol,2
police-pension,2
police-pick,2
police-prepared,2
police-presence,2
police-provided,2
police-pulling,2
police-raided,2
police-reached,2
police-records,2
police-reformsPolice,2
police-release,2
police-report,2
police-response,2
police-saidAfter,2
police-saidAuthorities,2
police-saidJeremy,2
police-saidNo,2
police-saidProsecutors,2
police-security,2
police-shoot,2
police-shootings,2
police-smashed,2
police-sought,2
police-spokesman,2
police-spokeswoman,2
police-they,2
police-told,2
police-vans,2
police-when,2
police-while,2
police-without,2
police-wrongly,2
police-ÃÂ¢ÃÂÃÂ,2
report-Everett,2
report-Friday,2
report-Mr,2
report-Sunday,2
report-Wednesday,2
report-abuses,2
report-all,2
report-allegations,2
report-and,2
report-answers,2
report-are,2
report-comes,2
report-compiles,2
report-concluded,2
report-could,2
report-directly,2
report-employment,2
report-had,2
report-how,2
report-includes,2
report-increases,2
report-it,2
report-itIn,2
report-itÃÂ¢ÃÂÃÂ¢,2
report-itselfHere,2
report-lands,2
report-marked,2
report-nearly,2
report-notes,2
report-public,2
report-quotes,2
report-remains,2
report-revealing,2
report-said,2
report-saidPolice,2
report-saidSoon,2
report-sets,2
report-sight,2
report-stopped,2
report-sued,2
report-suspected,2
report-through,2
report-ultimately,2
report-when,2
report-worked,2
report-wrongdoingThey're,2
report-youÃÂ¢ÃÂÃÂre,2
report-ÃÂ¢ÃÂÃÂ,2
state-CapitolBounding,2
state-CapitolO'Rourke,2
state-Cardinal,2
state-Chairman,2
state-Condoleezza,2
state-Court,2
state-Democratic,2
state-House,2
state-LegislatureLawmakers,2
state-Police,2
state-Rep,2
state-TV,2
state-against,2
state-agencies,2
state-already,2
state-an,2
state-attorneys,2
state-brand,2
state-by,2
state-cannabis,2
state-capitol,2
state-changed,2
state-charges,2
state-claims,2
state-constitutionThe,2
state-constitutionAdvocates,2
state-constitutional,2
state-consumer,2
state-court,2
state-courts,2
state-courts,2
state-detective,2
state-during,2
state-employs,2
state-faced,2
state-filed,2
state-flag,2
state-funds,2
state-governed,2
state-government,2
state-grand,2
state-income,2
state-investigator,2
state-it,2
state-lawmaker,2
state-made,2
state-manslaughter,2
state-mental,2
state-moved,2
state-no,2
state-party,2
state-policy,2
state-politics,2
state-premier,2
state-president,2
state-prisonVirginia,2
state-promotes,2
state-public,2
state-receives,2
state-recently,2
state-rules,2
state-saysIn,2
state-school,2
state-taxpayers,2
state-television,2
state-the,2
state-trooper,2
state-vital,2
time---,2
time-California,2
time-California's,2
time-IÃÂ¢ÃÂÃÂd,2
time-Shams,2
time-Tharpe's,2
time-again,2
time-ago,2
time-all,2
time-an,2
time-arguing,2
time-around,2
time-back,2
time-behind,2
time-but,2
time-claiming,2
time-did,2
time-disaffected,2
time-during,2
time-have,2
time-mismanagement,2
time-one-on-one,2
time-over,2
time-owned,2
time-people,2
time-provides,2
time-reflecting,2
time-setting,2
time-soonHow,2
time-than,2
time-thereSanders,2
time-through,2
time-travel,2
time-wellÃÂ,2
time-will,2
time-without,2
time-ÃÂafter,2
time-ÃÂ,2
woman-admitting,2
woman-charged,2
woman-could,2
woman-died,2
woman-driver!ÃÂ¢ÃÂÃÂJeannette,2
woman-explained,2
woman-got,2
woman-heÃÂ¢ÃÂÃÂs,2
woman-inside,2
woman-later,2
woman-left,2
woman-lying,2
woman-many,2
woman-member,2
woman-next,2
woman-or,2
woman-remained,2
woman-reportedly,2
woman-run,2
woman-spat,2
woman-steps,2
woman-tell,2
woman-testified,2
woman-that,2
woman-tremulously,2
woman-wants,2
woman-went,2
woman-who's,2
woman-who,2
woman-ÃÂwith,2
year-of,2
year--,2
year-2018,2
year-American,2
year-Anderson,2
year-Duterte's,2
year-I,2
year-agoÃÂ¢ÃÂÃÂ,2
year-and,2
year-backpacking,2
year-before,2
year-budget,2
year-chained,2
year-complain,2
year-earlier,2
year-except,2
year-has,2
year-identified,2
year-included,2
year-is,2
year-launched,2
year-led,2
year-near,2
year-now,2
year-opposing,2
year-prompted,2
year-sentence,2
year-since,2
year-stripped,2
year-want,2
year-were,2
year-won,2
 case-extremely,1
case-a,1
case-The,1
case-8chan,1
case-Tuesday,1
case-aimed,1
case-appeared,1
case-be,1
case-became,1
case-behind,1
case-bigger,1
case-but,1
case-chronicled,1
case-closely,1
case-concerned,1
case-concerns,1
case-discovered,1
case-does,1
case-dropped,1
case-federal,1
case-file,1
case-focused,1
case-following,1
case-here,1
case-itÃÂ¢ÃÂÃÂs,1
case-majority,1
case-management,1
case-materials,1
case-mattered,1
case-moot,1
case-moves,1
case-not,1
case-notes,1
case-often,1
case-open,1
case-overseen,1
case-points,1
case-presents,1
case-prompted,1
case-raised,1
case-refer,1
case-released,1
case-releasedBarbara,1
case-releasedProsecutors,1
case-remained,1
case-roiling,1
case-says,1
case-shortly___10,1
case-showed,1
case-slayings,1
case-state,1
case-stemmed,1
case-stems,1
case-the,1
case-through,1
case-throughout,1
case-we,1
case-weÃÂll,1
case-who,1
case-years,1
case-youÃÂ¢ÃÂÃÂre,1
case-ÃÂhave,1
case-ÃÂis,1
charge-Islamabad,1
charge-Van,1
charge-a,1
charge-an,1
charge-as,1
charge-by,1
charge-could,1
charge-earlier,1
charge-his,1
charge-last,1
charge-late,1
charge-or,1
charge-some,1
charge-the,1
charge-three,1
charge-tonight,1
charge-under,1
charge-with,1
people-prepared,1
people-and,1
people-abroad,1
people-abroad,1
people-accusing,1
people-after,1
people-aided,1
people-allowed,1
people-arenÃÂt,1
people-aroundÃÂIf,1
people-aroundÃÂ¢ÃÂÃÂIf,1
people-asked,1
people-assume,1
people-attacking,1
people-attendedNEVER,1
people-back,1
people-be,1
people-beat,1
people-because,1
people-before,1
people-began,1
people-both,1
people-brought,1
people-buy,1
people-can't,1
people-can'tThe,1
people-cannot,1
people-cannot,1
people-care?ÃÂThat,1
people-care?ÃÂ¢ÃÂÃÂThat,1
people-carried,1
people-caught,1
people-commenting,1
people-committing,1
people-compliment,1
people-controlled,1
people-cross,1
people-cutting,1
people-deadIn,1
people-deadThe,1
people-deadWildfires,1
people-deadÃÂIn,1
people-deeply,1
people-demanding,1
people-described,1
people-didnÃÂt,1
people-diedTrump,1
people-discussed,1
people-donÃÂt,1
people-dream,1
people-dressed,1
people-dying,1
people-employed,1
people-enduring,1
people-enter,1
people-ever,1
people-everywhereSo,1
people-exhibiting,1
people-exist,1
people-existedÃÂ,1
people-existedÃÂ¢ÃÂÃÂ,1
people-expecting,1
people-fall,1
people-felt,1
people-find,1
people-flocked,1
people-follow,1
people-following,1
people-gain,1
people-generally,1
people-go,1
people-going,1
people-got,1
people-guilty,1
people-happyÃÂ¢ÃÂÃÂBut,1
people-harass,1
people-hasn't,1
people-hate,1
people-havenÃÂ¢ÃÂÃÂt,1
people-heÃÂs,1
people-implicated,1
people-inMediterranea,1
people-interviewed,1
people-invested,1
people-jabbed,1
people-jailed,1
people-killed,1
people-kissing,1
people-lacked,1
people-lived,1
people-making,1
people-march,1
people-miss,1
people-most,1
people-must,1
people-nearby,1
people-needing,1
people-nervous___AdvertisementAdvertisementSupported,1
people-nor,1
people-obsessing,1
people-offended,1
people-onboard,1
people-only,1
people-onscreen,1
people-opposed,1
people-outÃÂ¢ÃÂÃÂÃÂ¢ÃÂÃÂÃÂ¢ÃÂÃÂShe,1
people-overtime,1
people-participated,1
people-perished,1
people-pointing,1
people-police,1
people-practice,1
people-procrastinate,1
people-proxies),1
people-questioning,1
people-rang,1
people-reached,1
people-recognize,1
people-remember,1
people-report?,1
people-reported,1
people-roared,1
people-run,1
people-saidÃÂ¢ÃÂÃÂMichael,1
people-saved,1
people-saw,1
people-saying,1
people-see,1
people-seem,1
people-send,1
people-set,1
people-settle,1
people-share,1
people-shot,1
people-signal,1
people-sit,1
people-snuffed,1
people-spoke,1
people-spreadÃÂ,1
people-squeezed,1
people-stop,1
people-strong,1
people-suddenly,1
people-swarmed,1
people-talk,1
people-talked,1
people-teetering,1
people-than,1
people-there,1
people-thereHundreds,1
people-theyÃÂre,1
people-time,1
people-to,1
people-understood,1
people-unsure,1
people-using,1
people-waiting,1
people-walking,1
people-wary,1
people-watch,1
people-watched,1
people-we,1
people-willÃ,1
people-work,1
people-you,1
people-ÃÂare,1
people-ÃÂpanic,1
people-ÃÂ¢ÃÂÃÂ,1
police-Det,1
police-Friday,1
police-Superintendent,1
police-afterward,1
police-agencies,1
police-allegations,1
police-allegedly,1
police-approached,1
police-arrive,1
police-asked,1
police-began,1
police-better,1
police-burst,1
police-but,1
police-cadet,1
police-career,1
police-chief's,1
police-code,1
police-coerced,1
police-commissioner,1
police-confronted,1
police-cruiser,1
police-custodyNine,1
police-dashboard,1
police-departmentÃÂ¢ÃÂÃÂs,1
police-detained,1
police-detective,1
police-districts,1
police-diverted,1
police-division,1
police-don't,1
police-donÃÂt,1
police-escort,1
police-face,1
police-first,1
police-force's,1
police-forceÃÂThere,1
police-from,1
police-groups,1
police-handed,1
police-he'd,1
police-held,1
police-hired,1
police-hunted,1
police-influence,1
police-inside,1
police-insisted,1
police-interactions,1
police-interrogations,1
police-intervene,1
police-interview,1
police-investigation,1
police-investigators,1
police-killed,1
police-learned,1
police-lieutenantÃÂs,1
police-lineup,1
police-lineups,1
police-maintained,1
police-ministerMr,1
police-mishandled,1
police-more,1
police-moved,1
police-officer___11:40,1
police-officersÃÂ¢ÃÂÃÂ,1
police-officersWhen,1
police-official,1
police-officialsMr,1
police-officialsÃÂ,1
police-operations,1
police-pensions,1
police-portray,1
police-prefecture,1
police-preparedness,1
police-protection,1
police-put,1
police-raced,1
police-raid,1
police-raids,1
police-released,1
police-removed,1
police-report,1
police-reportOnce,1
police-reported,1
police-reports,1
police-returned,1
police-saidI,1
police-saidIt,1
police-saidIn,1
police-saidOfficers,1
police-saidÃÂ¢ÃÂÃÂSomething,1
police-saw,1
police-searching,1
police-shootings,1
police-soonerMcCullough,1
police-spokesperson,1
police-spokeswoman,1
police-standoff,1
police-statement,1
police-sting,1
police-stood,1
police-superintendentJoe,1
police-swept,1
police-tacticsÃÂ¢ÃÂÃÂ,1
police-their,1
police-took,1
police-tried,1
police-tweeted,1
police-twice,1
police-unionÃÂ¢ÃÂÃÂThe,1
police-unionÃÂ¢ÃÂÃÂYou,1
police-urged,1
police-use,1
police-used,1
police-whether,1
police-widow,1
police-widows,1
report-which,1
report-21-year-old,1
report-26-year-old,1
report-Duke's,1
report-accused,1
report-addiction,1
report-be,1
report-builds,1
report-calling,1
report-came,1
report-child,1
report-conclude,1
report-concludesAs,1
report-constitutes,1
report-containing,1
report-contains,1
report-contains,1
report-criminal,1
report-dangerous,1
report-devolved,1
report-didn't,1
report-discrimination,1
report-during,1
report-earlier,1
report-emergencies,1
report-encounters,1
report-estimates,1
report-exonerates,1
report-exposes,1
report-fell,1
report-filed,1
report-finding,1
report-found___AP,1
report-here___Four,1
report-identified,1
report-into,1
report-issued,1
report-later,1
report-live,1
report-made,1
report-next,1
report-officers,1
report-once,1
report-only,1
report-or,1
report-owning,1
report-presented,1
report-proves,1
report-recommended,1
report-revealed,1
report-running,1
report-saidAdvertisementAdvertisementSupported,1
report-saidGuterres,1
report-saidMartin,1
report-saidWHAT,1
report-say,1
report-say?,1
report-seems,1
report-settle,1
report-shows,1
report-simply,1
report-so,1
report-states,1
report-submitted,1
report-them,1
report-trouble,1
report-while,1
report-without,1
report-ÃÂdoes,1
report-ÃÂoriginal,1
report-ÃÂ,1
state-Assistant,1
state-Capitol,1
state-Capitol,1
state-Constitution,1
state-Department,1
state-Sen,1
state-Senator,1
state-Trump,1
state-abortion,1
state-anti-BDS,1
state-appeals,1
state-argues,1
state-arson,1
state-as,1
state-assemblywoman,1
state-assets,1
state-auditor,1
state-auditor's,1
state-authorities,1
state-authority,1
state-broadcaster,1
state-broadcasterI,1
state-campaignsThat's,1
state-capitals,1
state-capitalsThe,1
state-capitols,1
state-care___Associated,1
state-casesÃÂA,1
state-certify,1
state-child,1
state-claimed,1
state-coffers,1
state-comptroller,1
state-contracts,1
state-control,1
state-couldn't,1
state-courtJustice,1
state-courthouse,1
state-crimes,1
state-defends,1
state-dinner,1
state-director,1
state-do,1
state-east,1
state-elected,1
state-employee,1
state-employeesÃÂ,1
state-employeesÃÂ¢ÃÂÃÂ,1
state-fire,1
state-football,1
state-fundingThe,1
state-given,1
state-government,1
state-governmentAn,1
state-governmentOne,1
state-governmentWe,1
state-guided,1
state-handing,1
state-have,1
state-he,1
state-holiday,1
state-hopes,1
state-hospitals,1
state-immunity,1
state-institutionsSo,1
state-investments,1
state-language,1
state-law,1
state-lawSupporters,1
state-lawmakerThe,1
state-leaders,1
state-legalized,1
state-legislator,1
state-legislators,1
state-legislatureShe,1
state-legislatures,1
state-legislatures,1
state-legislatures,1
state-level,1
state-level:,1
state-losesThe,1
state-media,1
state-minimum,1
state-now,1
state-now!,1
state-nowÃÂÃÂThe,1
state-nowÃÂ¢ÃÂÃÂÃÂ¢ÃÂÃÂThe,1
state-officesMr,1
state-officially,1
state-on,1
state-over,1
state-owned,1
state-pay,1
state-plainly,1
state-police-controlled,1
state-policing,1
state-policy,1
state-profferedÃÂ,1
state-prosecutors,1
state-prosecutors)I,1
state-puts,1
state-ravaged,1
state-records,1
state-requiredÃÂ,1
state-schools,1
state-security,1
state-senator,1
state-sold,1
state-sound,1
state-symbolsThe,1
state-television,1
state-that,1
state-there,1
state-they,1
state-trial,1
state-trialJurors,1
state-visit,1
state-visits,1
state-wants,1
state-were,1
state-whatever,1
state-where,1
state-who,1
state-whose,1
state-within,1
time-hoping,1
time-,1
time--,1
time-Erdogan,1
time-Hill,1
time-Holt,1
time-IÃÂ¢ÃÂÃÂve,1
time-John,1
time-Monday,1
time-OIG,1
time-Robert,1
time-Saturday,1
time-Sophia,1
time-about,1
time-ago,1
time-already,1
time-anyone,1
time-arriving,1
time-away,1
time-being,1
time-between,1
time-coming,1
time-consisted,1
time-covering,1
time-crystal,1
time-dependent,1
time-difference,1
time-distinguishing,1
time-each,1
time-element,1
time-evinced,1
time-feels,1
time-firing,1
time-folds,1
time-had,1
time-heads,1
time-her,1
time-indicated,1
time-its,1
time-last,1
time-later,1
time-laterPolice,1
time-making,1
time-midway,1
time-might,1
time-more,1
time-my,1
time-palling,1
time-passed,1
time-period;,1
time-periods,1
time-playing,1
time-proud,1
time-reached,1
time-reflected,1
time-scales,1
time-sheÃÂs,1
time-slot,1
time-someone,1
time-such,1
time-taking,1
time-there,1
time-together,1
time-togetherVindictive,1
time-tooPossessed,1
time-travel,1
time-traveling,1
time-uncomfortable,1
time-under,1
time-wanted,1
time-wellÃÂ¢ÃÂÃÂ,1
time-where,1
time-whether,1
time-ÃÂencouraging,1
time-ÃÂ¢ÃÂÃÂafter,1
woman-CEO,1
woman-I,1
woman-Shields,1
woman-a,1
woman-administrator,1
woman-after,1
woman-alleges,1
woman-broke,1
woman-but,1
woman-can,1
woman-central,1
woman-claimed,1
woman-complained,1
woman-cooperated,1
woman-cries,1
woman-decides,1
woman-discovers,1
woman-elected,1
woman-ever,1
woman-explained,1
woman-falls,1
woman-filed,1
woman-full,1
woman-gets,1
woman-having,1
woman-her,1
woman-identified,1
woman-incarcerated,1
woman-inducted,1
woman-into,1
woman-lawmaker,1
woman-lost,1
woman-my,1
woman-onstage,1
woman-onstageDuring,1
woman-originally,1
woman-parted,1
woman-prime,1
woman-protesting,1
woman-recalledThis,1
woman-saying,1
woman-sheÃÂs,1
woman-sheÃÂ¢ÃÂÃÂs,1
woman-shouldnÃÂt,1
woman-shouldnÃÂ¢ÃÂÃÂt,1
woman-smells,1
woman-sold,1
woman-started,1
woman-surprised,1
woman-take,1
woman-troubled,1
woman-under,1
woman-waited,1
woman-wasn't,1
woman-were,1
woman-when,1
woman-worried,1
woman-would,1
woman-yells,1
woman-ÃÂ¢ÃÂÃÂ,1
year-1606,1
year-2018/19,1
year-DC,1
year-ING,1
year-Mexico,1
year-Mr,1
year-according,1
year-agoFollow,1
year-ahead,1
year-also,1
year-announced,1
year-apparently,1
year-before,1
year-beginning,1
year-behind,1
year-challenging,1
year-clutching,1
year-deal,1
year-did,1
year-earlier,1
year-found,1
year-giving,1
year-had,1
year-into,1
year-killed,1
year-last,1
year-later)On,1
year-laterYet,1
year-mid-major,1
year-negotiating,1
year-old,1
year-outÃÂ,1
year-planned,1
year-pledged,1
year-posting,1
year-prison,1
year-published,1
year-rather,1
year-received,1
year-requiring,1
year-reviewing,1
year-running,1
year-she,1
year-term,1
year-thereÃÂ¢ÃÂÃÂs,1
year-told,1
year-triggered,1
year-trying,1
year-two,1
year-until,1
year-who,1
year-ÃÂ¢ÃÂÃÂRhythm,1